timestamp,query,retrieved_docs,generated_answer,reference_answer,score
2025-10-20 23:22:27,What abnormality is seen in the chest X-ray?,There is cardiomegaly. Lateral view somewhat limited however small bilateral pleural effusions suspe | There is widening of the mediastinum. There is moderate cardiomegaly identified. The central pulmona | Unchanged cardiomegaly. There is continued interstitial prominence bilaterally. Unchanged vascular a,Unchanged vascular appearance,Information not available.,"F1=0.0, BLEU=0.0"
2025-10-20 23:22:28,Is there any sign of pleural effusion?,There is cardiomegaly. Lateral view somewhat limited however small bilateral pleural effusions suspe | Cardiomegaly. Left lung clear. Large right effusion. Compressive atelectasis or infiltrate in the ri | There are lower lung volumes. There is central bronchovascular crowding. Volume loss in the medial r,No.,Information not available.,"F1=0.0, BLEU=0.0"
2025-10-20 23:22:29,What is the diagnosis in this report?,normal normal | normal normal | normal normal,(iii),Information not available.,"F1=0.0, BLEU=0.0"
2025-10-20 23:22:29,Is the heart size normal?,normal normal | normal normal | normal normal,No.,Information not available.,"F1=0.0, BLEU=0.0"
2025-10-20 23:22:31,What treatment was given for pneumonia?,There is cardiomegaly. Lateral view somewhat limited however small bilateral pleural effusions suspe | Borderline cardiac enlargement. Tortuous aorta. Prominent hilar contours. Worsening patchy periphera | Patchy airspace disease is present in the lateral view probably within the right lower lobe. There i,XXXX Airspace Disease,Information not available.,"F1=0.0, BLEU=0.0"
2025-10-21 01:58:40,What abnormality is seen in the chest X-ray?,There is cardiomegaly. Lateral view somewhat limited however small bilateral pleural effusions suspe | There is widening of the mediastinum. There is moderate cardiomegaly identified. The central pulmona | Unchanged cardiomegaly. There is continued interstitial prominence bilaterally. Unchanged vascular a,Unchanged vascular appearance,Information not available.,"F1=0.0, BLEU=0.0"
2025-10-21 01:58:40,Is there any sign of pleural effusion?,There is cardiomegaly. Lateral view somewhat limited however small bilateral pleural effusions suspe | Cardiomegaly. Left lung clear. Large right effusion. Compressive atelectasis or infiltrate in the ri | There are lower lung volumes. There is central bronchovascular crowding. Volume loss in the medial r,No.,Information not available.,"F1=0.0, BLEU=0.0"
2025-10-21 01:58:41,What is the diagnosis in this report?,normal normal | normal normal | normal normal,(iii),Information not available.,"F1=0.0, BLEU=0.0"
2025-10-21 01:58:41,Is the heart size normal?,normal normal | normal normal | normal normal,No.,Information not available.,"F1=0.0, BLEU=0.0"
2025-10-21 01:58:42,What treatment was given for pneumonia?,There is cardiomegaly. Lateral view somewhat limited however small bilateral pleural effusions suspe | Borderline cardiac enlargement. Tortuous aorta. Prominent hilar contours. Worsening patchy periphera | Patchy airspace disease is present in the lateral view probably within the right lower lobe. There i,XXXX Airspace Disease,Information not available.,"F1=0.0, BLEU=0.0"
2025-10-21 02:36:42,What abnormality is seen in the chest X-ray?,There is cardiomegaly. Lateral view somewhat limited however small bilateral pleural effusions suspe | There is widening of the mediastinum. There is moderate cardiomegaly identified. The central pulmona | Unchanged cardiomegaly. There is continued interstitial prominence bilaterally. Unchanged vascular a,"Unchanged cardiomegaly. There is continued interstitial prominence bilaterally. Unchanged vascular appearance. There is patchy retrocardiac opacity. Negative for pneumothorax. Unchanged appearance of the chest with interstitial prominence the differential of which is XXXX but could include interstitial edema, infectious process or interstitial disease. This is a XXXX-year-old XXXX with a history of congestive heart failure and back pain. Cardiomegaly; Lateral view somewhat limited however small bilateral pleural effusions suspected. There is central vascular congestion. Evaluate for effusion . Cardiomegaly;Technical Quality of Image Unsatisfactory ;Pulmonary Congestion There is widening of the mediastinum. There is moderate cardiomegaly identified. The",Information not available.,"F1=0.0, BLEU=0.0"
2025-10-21 02:36:48,Is there any sign of pleural effusion?,There is cardiomegaly. Lateral view somewhat limited however small bilateral pleural effusions suspe | Cardiomegaly. Left lung clear. Large right effusion. Compressive atelectasis or infiltrate in the ri | There are lower lung volumes. There is central bronchovascular crowding. Volume loss in the medial r,Small bilateral pleural effusions suspected. There is central vascular congestion.,Information not available.,"F1=0.0, BLEU=0.0"
2025-10-21 02:37:12,What is the diagnosis in this report?,normal normal | normal normal | normal normal,normal normal normal normal normal normal normal normal normal normal normal normal normal normal normal normal normal normal normal normal normal normal normal normal normal normal normal normal normal normal normal normal normal normal normal normal normal normal normal normal normal normal normal normal normal normal normal normal normal normal normal normal normal normal normal normal normal normal normal normal normal normal normal normal normal normal normal normal normal normal normal normal normal normal normal normal normal normal normal normal normal normal normal normal normal normal normal normal normal normal normal normal normal normal normal normal normal normal normal normal normal normal normal normal normal normal normal normal normal normal normal normal normal normal normal normal normal normal normal normal normal normal normal normal normal normal normal normal normal normal normal normal normal normal normal normal normal normal normal normal normal normal normal normal normal normal normal normal normal normal normal normal normal normal normal normal normal normal normal normal normal normal normal normal normal normal normal normal normal normal normal normal normal normal normal normal normal normal normal normal normal normal normal normal normal normal normal normal normal normal normal normal normal normal normal normal normal normal normal,Information not available.,"F1=0.0, BLEU=0.0"
2025-10-21 02:37:13,Is the heart size normal?,normal normal | normal normal | normal normal,normal normal normal normal normal normal,Information not available.,"F1=0.0, BLEU=0.0"
2025-10-21 02:37:45,What treatment was given for pneumonia?,There is cardiomegaly. Lateral view somewhat limited however small bilateral pleural effusions suspe | Borderline cardiac enlargement. Tortuous aorta. Prominent hilar contours. Worsening patchy periphera | Patchy airspace disease is present in the lateral view probably within the right lower lobe. There i,"There is severe underlying emphysema. The aorta is calcified. There is spondylosis. Patchy airspace disease on the lateral view, probably within the right lower lobe. There is severe underlying emphysema. The aorta is calcified. There is spondylosis. Patchy airspace disease on the lateral view, probably within the right lower lobe. There is severe underlying emphysema. The aorta is calcified. There is spondylosis. Patchy airspace disease on the lateral view, probably within the right lower lobe. There is severe underlying emphysema. The aorta is calcified. There is spondylosis. Patchy air",Information not available.,"F1=0.0, BLEU=0.0"
2025-10-21 02:51:46,What abnormality is seen in the chest X-ray?,There is cardiomegaly. Lateral view somewhat limited however small bilateral pleural effusions suspe | There is widening of the mediastinum. There is moderate cardiomegaly identified. The central pulmona | Unchanged cardiomegaly. There is continued interstitial prominence bilaterally. Unchanged vascular a,Cardiomegaly,Information not available.,"F1=0.0, BLEU=0.0"
2025-10-21 02:52:07,Is there any sign of pleural effusion?,There is cardiomegaly. Lateral view somewhat limited however small bilateral pleural effusions suspe | Cardiomegaly. Left lung clear. Large right effusion. Compressive atelectasis or infiltrate in the ri | There are lower lung volumes. There is central bronchovascular crowding. Volume loss in the medial r,Small bilateral pleural effusions suspected,Information not available.,"F1=0.0, BLEU=0.0"
2025-10-21 02:52:08,What is the diagnosis in this report?,normal normal | normal normal | normal normal,normal normal normal normal,Information not available.,"F1=0.0, BLEU=0.0"
2025-10-21 02:52:09,Is the heart size normal?,normal normal | normal normal | normal normal,Normal heart size,Information not available.,"F1=0.0, BLEU=0.0"
2025-10-21 02:52:28,What treatment was given for pneumonia?,There is cardiomegaly. Lateral view somewhat limited however small bilateral pleural effusions suspe | Borderline cardiac enlargement. Tortuous aorta. Prominent hilar contours. Worsening patchy periphera | Patchy airspace disease is present in the lateral view probably within the right lower lobe. There i,"XXXX, XXXX Airspace disease is present in the lateral view probably within the right lower lobe",Information not available.,"F1=0.0, BLEU=0.0"
2025-10-21 02:58:10,What abnormality is seen in the chest X-ray?,There is cardiomegaly. Lateral view somewhat limited however small bilateral pleural effusions suspe | There is widening of the mediastinum. There is moderate cardiomegaly identified. The central pulmona | Unchanged cardiomegaly. There is continued interstitial prominence bilaterally. Unchanged vascular a,Cardiomegaly,Information not available.,"F1=0.0, BLEU=0.0"
2025-10-21 02:58:36,Is there any sign of pleural effusion?,There is cardiomegaly. Lateral view somewhat limited however small bilateral pleural effusions suspe | Cardiomegaly. Left lung clear. Large right effusion. Compressive atelectasis or infiltrate in the ri | There are lower lung volumes. There is central bronchovascular crowding. Volume loss in the medial r,Small bilateral pleural effusions suspected,Information not available.,"F1=0.0, BLEU=0.0"
2025-10-21 02:58:37,What is the diagnosis in this report?,normal normal | normal normal | normal normal,normal,Information not available.,"F1=0.0, BLEU=0.0"
2025-10-21 02:58:39,Is the heart size normal?,normal normal | normal normal | normal normal,Normal heart size,Information not available.,"F1=0.0, BLEU=0.0"
2025-10-21 02:59:05,What treatment was given for pneumonia?,There is cardiomegaly. Lateral view somewhat limited however small bilateral pleural effusions suspe | Borderline cardiac enlargement. Tortuous aorta. Prominent hilar contours. Worsening patchy periphera | Patchy airspace disease is present in the lateral view probably within the right lower lobe. There i,"XXXX, XXXX Airspace disease is present in the lateral view probably within right lower lobe",Information not available.,"F1=0.0, BLEU=0.0"
2025-10-21 10:05:26,What abnormality is seen in the chest X-ray?,There is cardiomegaly. Lateral view somewhat limited however small bilateral pleural effusions suspe | There is widening of the mediastinum. There is moderate cardiomegaly identified. The central pulmona | Unchanged cardiomegaly. There is continued interstitial prominence bilaterally. Unchanged vascular a,The central pulmonary XXX appear enlarged,Information not available.,"F1=0.0, BLEU=0.0"
2025-10-21 10:05:32,Is there any sign of pleural effusion?,There is cardiomegaly. Lateral view somewhat limited however small bilateral pleural effusions suspe | Cardiomegaly. Left lung clear. Large right effusion. Compressive atelectasis or infiltrate in the ri | There are lower lung volumes. There is central bronchovascular crowding. Volume loss in the medial r,There is cardiomegaly,Information not available.,"F1=0.0, BLEU=0.0"
2025-10-21 10:05:33,What is the diagnosis in this report?,normal normal | normal normal | normal normal,The diagnosis of a heart attack is the attack.,Information not available.,"F1=0.0, BLEU=0.0"
2025-10-21 10:05:34,Is the heart size normal?,normal normal | normal normal | normal normal,The heart size is normal.,Information not available.,"F1=0.0, BLEU=0.0"
2025-10-21 10:05:35,What treatment was given for pneumonia?,There is cardiomegaly. Lateral view somewhat limited however small bilateral pleural effusions suspe | Borderline cardiac enlargement. Tortuous aorta. Prominent hilar contours. Worsening patchy periphera | Patchy airspace disease is present in the lateral view probably within the right lower lobe. There i,Pulmonary emphysema.,Information not available.,"F1=0.0, BLEU=0.0"
2025-10-21 10:37:15,What abnormality is seen in the chest X-ray?,There is cardiomegaly. Lateral view somewhat limited however small bilateral pleural effusions suspe | There is widening of the mediastinum. There is moderate cardiomegaly identified. The central pulmona | Unchanged cardiomegaly. There is continued interstitial prominence bilaterally. Unchanged vascular a,The central pulmonary XXX appear enlarged,Pulmonary abnormality is seen.,"F1=0.19999999959999998, BLEU=0.0"
2025-10-21 10:37:20,Is there any sign of pleural effusion?,There is cardiomegaly. Lateral view somewhat limited however small bilateral pleural effusions suspe | Cardiomegaly. Left lung clear. Large right effusion. Compressive atelectasis or infiltrate in the ri | There are lower lung volumes. There is central bronchovascular crowding. Volume loss in the medial r,There is cardiomegaly,"Yes, pleural effusion is present.","F1=0.249999999375, BLEU=4.421625271317475e-155"
2025-10-21 10:37:21,What is the diagnosis in this report?,normal normal | normal normal | normal normal,The diagnosis of a heart attack is the attack.,Diagnosis is pneumonia.,"F1=0.3636363629752066, BLEU=4.972227154133551e-155"
2025-10-21 10:37:22,Is the heart size normal?,normal normal | normal normal | normal normal,The heart size is normal.,The heart size is normal.,"F1=0.9999999980000001, BLEU=1.0"
2025-10-21 10:37:23,What treatment was given for pneumonia?,There is cardiomegaly. Lateral view somewhat limited however small bilateral pleural effusions suspe | Borderline cardiac enlargement. Tortuous aorta. Prominent hilar contours. Worsening patchy periphera | Patchy airspace disease is present in the lateral view probably within the right lower lobe. There i,Pulmonary emphysema.,Treatment given was antibiotics for pneumonia.,"F1=0.0, BLEU=0.0"
2025-10-21 11:08:14,What abnormality is seen in the chest X-ray?,There is cardiomegaly. Lateral view somewhat limited however small bilateral pleural effusions suspe | There is widening of the mediastinum. There is moderate cardiomegaly identified. The central pulmona | Unchanged cardiomegaly. There is continued interstitial prominence bilaterally. Unchanged vascular a,The central pulmonary XXX appear enlarged,Pulmonary abnormality is seen.,"F1=0.19999999959999998, BLEU=0.0"
2025-10-21 11:08:19,Is there any sign of pleural effusion?,There is cardiomegaly. Lateral view somewhat limited however small bilateral pleural effusions suspe | Cardiomegaly. Left lung clear. Large right effusion. Compressive atelectasis or infiltrate in the ri | There are lower lung volumes. There is central bronchovascular crowding. Volume loss in the medial r,There is cardiomegaly,"Yes, pleural effusion is present.","F1=0.249999999375, BLEU=0.06628186505570068"
2025-10-21 11:08:20,What is the diagnosis in this report?,normal normal | normal normal | normal normal,The diagnosis of a heart attack is the attack.,Diagnosis is pneumonia.,"F1=0.3636363629752066, BLEU=0.03726779962499649"
2025-10-21 11:08:21,Is the heart size normal?,normal normal | normal normal | normal normal,The heart size is normal.,The heart size is normal.,"F1=0.9999999980000001, BLEU=1.0"
2025-10-21 11:08:22,What treatment was given for pneumonia?,There is cardiomegaly. Lateral view somewhat limited however small bilateral pleural effusions suspe | Borderline cardiac enlargement. Tortuous aorta. Prominent hilar contours. Worsening patchy periphera | Patchy airspace disease is present in the lateral view probably within the right lower lobe. There i,Pulmonary emphysema.,Treatment given was antibiotics for pneumonia.,"F1=0.0, BLEU=0.0"
2025-11-20 08:27:16,What abnormality is seen in the chest X-ray?,There is cardiomegaly. Lateral view somewhat limited however small bilateral pleural effusions suspe | There is widening of the mediastinum. There is moderate cardiomegaly identified. The central pulmona | Unchanged cardiomegaly. There is continued interstitial prominence bilaterally. Unchanged vascular a,The central pulmonary XXX appear enlarged,,
2025-11-20 08:27:32,What abnormality is seen in the chest X-ray?,There is cardiomegaly. Lateral view somewhat limited however small bilateral pleural effusions suspe | There is widening of the mediastinum. There is moderate cardiomegaly identified. The central pulmona | Unchanged cardiomegaly. There is continued interstitial prominence bilaterally. Unchanged vascular a,The central pulmonary XXX appear enlarged,,
2025-11-20 08:27:42,What abnormality is seen in the chest X-ray?,There is cardiomegaly. Lateral view somewhat limited however small bilateral pleural effusions suspe | There is widening of the mediastinum. There is moderate cardiomegaly identified. The central pulmona | Unchanged cardiomegaly. There is continued interstitial prominence bilaterally. Unchanged vascular a,⚠️ No relevant information found for 'Chest'.,,
2025-11-20 09:10:11,Panadol tablet use for?,"There is stable cavity in the right apex, XXXX related to prior tuberculosis infection. There is inc | Borderline cardiac enlargement. Tortuous aorta. Prominent hilar contours. Worsening patchy periphera | There is enlargement of the cardiac silhouette. There is a focal opacity within the right upper lung",⚠️ No relevant information found for 'Tablet'.,,
2025-11-20 09:10:32,Panadol tablet use for?,"There is stable cavity in the right apex, XXXX related to prior tuberculosis infection. There is inc | Borderline cardiac enlargement. Tortuous aorta. Prominent hilar contours. Worsening patchy periphera | There is enlargement of the cardiac silhouette. There is a focal opacity within the right upper lung",⚠️ No relevant information found for 'Tablet'.,,
